"exposure","exposure_duplicate","trait_category","samplesize","cohorts_used","ancestry","sex","source_type","ieu_id","paper_link","ukb_overlap_confirmation","exposure_units","multiple_testing_correction","confirm","phenoscanner_exclusions","exposure_snps","exposure_group"
"Leucine","Leucine","Metabolites (mQTL-MR) - BCAA",24728,"EGCUT, FTC, FR97, COROGENE, GenMets, HBCS, KORA, NFBC1966, PredictCVD, PROTE, YFS, ERF, LLS, NTR","EUR","both","ieugwasr","met-c-897","https://www.nature.com/articles/ncomms11122","No UKB; Kettunen 2016 used 14 European cohorts (no UKB)","SD","BH","yes","educat, school, smok",,"wa9swvehungg"
"Leucine","Leucine","Metabolites (mQTL-MR) - BCAA",7799,"KORA F4, TwinsUK","EUR","both","ieugwasr","met-a-306","https://www.nature.com/articles/ng.2982","No UKB; Shin 2014 used KORA + TwinsUK","log10 units","BH","yes","educat, school, smok",,"gqsqf8iza2lm"
"Isoleucine","Isoleucine","Metabolites (mQTL-MR) - BCAA",24776,"Kettunen 2016 14 European cohorts","EUR","both","ieugwasr","met-c-873","https://www.nature.com/articles/ncomms11122","No UKB; Kettunen 2016","SD","BH","yes","educat, school, smok",,"44uxjcjnuhcr"
"Isoleucine","Isoleucine","Metabolites (mQTL-MR) - BCAA",7801,"KORA F4, TwinsUK","EUR","both","ieugwasr","met-a-323","https://www.nature.com/articles/ng.2982","No UKB; Shin 2014","log10 units","BH","yes","educat, school, smok",,"ypgzc04wowdu"
"Valine","Valine","Metabolites (mQTL-MR) - BCAA",24900,"Kettunen 2016 14 European cohorts","EUR","both","ieugwasr","met-c-940","https://www.nature.com/articles/ncomms11122","No UKB; Kettunen 2016","SD","BH","yes","educat, school, smok",,"myrsngrw8g7k"
"Valine","Valine","Metabolites (mQTL-MR) - BCAA",7808,"KORA F4, TwinsUK","EUR","both","ieugwasr","met-a-351","https://www.nature.com/articles/ng.2982","No UKB; Shin 2014","log10 units","BH","yes","educat, school, smok",,"95u8s80remw9"
"Phenylalanine","Phenylalanine","Metabolites (mQTL-MR) - Aromatic AA",22663,"Kettunen 2016 14 European cohorts","EUR","both","ieugwasr","met-c-919","https://www.nature.com/articles/ncomms11122","No UKB; Kettunen 2016","SD","BH","yes","educat, school, smok",,"dq743h1a4vz3"
"Phenylalanine","Phenylalanine","Metabolites (mQTL-MR) - Aromatic AA",7803,"KORA F4, TwinsUK","EUR","both","ieugwasr","met-a-308","https://www.nature.com/articles/ng.2982","No UKB; Shin 2014","log10 units","BH","yes","educat, school, smok",,"tcrk0nlqj149"
"Tyrosine","Tyrosine","Metabolites (mQTL-MR) - Aromatic AA",24925,"Kettunen 2016 14 European cohorts","EUR","both","ieugwasr","met-c-938","https://www.nature.com/articles/ncomms11122","No UKB; Kettunen 2016","SD","BH","yes","educat, school, smok",,"b50sj01rtt8h"
"Tyrosine","Tyrosine","Metabolites (mQTL-MR) - Aromatic AA",7807,"KORA F4, TwinsUK","EUR","both","ieugwasr","met-a-325","https://www.nature.com/articles/ng.2982","No UKB; Shin 2014","log10 units","BH","yes","educat, school, smok",,"diq3737i9fai"
"Tryptophan","Tryptophan","Metabolites (mQTL-MR) - Aromatic AA",7804,"KORA F4, TwinsUK","EUR","both","ieugwasr","met-a-304","https://www.nature.com/articles/ng.2982","No UKB; Shin 2014","log10 units","BH","yes","educat, school, smok",,"38vdvta4m5sm"
"Glycine","Glycine","Metabolites (mQTL-MR) - Other AA",7802,"KORA F4, TwinsUK","EUR","both","ieugwasr","met-a-468","https://www.nature.com/articles/ng.2982","No UKB; Shin 2014","log10 units","BH","yes","educat, school, smok",,"69f0oi92vzi3"
"Alanine","Alanine","Metabolites (mQTL-MR) - Other AA",24796,"Kettunen 2016 14 European cohorts","EUR","both","ieugwasr","met-c-840","https://www.nature.com/articles/ncomms11122","No UKB; Kettunen 2016","SD","BH","yes","educat, school, smok",,"bsw8r3ynfyx1"
"Alanine","Alanine","Metabolites (mQTL-MR) - Other AA",7788,"KORA F4, TwinsUK","EUR","both","ieugwasr","met-a-469","https://www.nature.com/articles/ng.2982","No UKB; Shin 2014","log10 units","BH","yes","educat, school, smok",,"folxwneoejv5"
"Glutamine","Glutamine","Metabolites (mQTL-MR) - Other AA",24462,"Kettunen 2016 14 European cohorts","EUR","both","ieugwasr","met-c-860","https://www.nature.com/articles/ncomms11122","No UKB; Kettunen 2016","SD","BH","yes","educat, school, smok",,"pnzw0bheasdc"
"Glutamine","Glutamine","Metabolites (mQTL-MR) - Other AA",7821,"KORA F4, TwinsUK","EUR","both","ieugwasr","met-a-303","https://www.nature.com/articles/ng.2982","No UKB; Shin 2014","log10 units","BH","yes","educat, school, smok",,"bop8up6uqiv8"
"Glutamate","Glutamate","Metabolites (mQTL-MR) - Other AA",7804,"KORA F4, TwinsUK","EUR","both","ieugwasr","met-a-466","https://www.nature.com/articles/ng.2982","No UKB; Shin 2014","log10 units","BH","yes","educat, school, smok",,"kri9qd0v9au4"
"Histidine","Histidine","Metabolites (mQTL-MR) - Histidine",19244,"Kettunen 2016 14 European cohorts","EUR","both","ieugwasr","met-c-866","https://www.nature.com/articles/ncomms11122","No UKB; Kettunen 2016","SD","BH","yes","educat, school, smok",,"w5som357l2jt"
"Histidine","Histidine","Metabolites (mQTL-MR) - Histidine",7804,"KORA F4, TwinsUK","EUR","both","ieugwasr","met-a-305","https://www.nature.com/articles/ng.2982","No UKB; Shin 2014","log10 units","BH","yes","educat, school, smok",,"bzr38bn7a5bo"
"Asparagine","Asparagine","Metabolites (mQTL-MR) - Asparagine/Aspartate",7761,"KORA F4, TwinsUK","EUR","both","ieugwasr","met-a-638","https://www.nature.com/articles/ng.2982","No UKB; Shin 2014","log10 units","BH","yes","educat, school, smok",,"uhidm4xriwd8"
"Aspartate","Aspartate","Metabolites (mQTL-MR) - Asparagine/Aspartate",7721,"KORA F4, TwinsUK","EUR","both","ieugwasr","met-a-388","https://www.nature.com/articles/ng.2982","No UKB; Shin 2014","log10 units","BH","yes","educat, school, smok",,"3j3nk0hex1wv"
"Serine","Serine","Metabolites (mQTL-MR) - Serine/Threonine",7796,"KORA F4, TwinsUK","EUR","both","ieugwasr","met-a-464","https://www.nature.com/articles/ng.2982","No UKB; Shin 2014","log10 units","BH","yes","educat, school, smok",,"m8vx3ixbgmn5"
"Threonine","Threonine","Metabolites (mQTL-MR) - Serine/Threonine",6020,"KORA F4, TwinsUK","EUR","both","ieugwasr","met-a-324","https://www.nature.com/articles/ng.2982","No UKB; Shin 2014","log10 units","BH","yes","educat, school, smok",,"62dkkrwfweaz"
"Cysteine","Cysteine","Metabolites (mQTL-MR) - Sulfur AA",7692,"KORA F4, TwinsUK","EUR","both","ieugwasr","met-a-455","https://www.nature.com/articles/ng.2982","No UKB; Shin 2014","log10 units","BH","yes","educat, school, smok",,"ruqvqepxs2qe"
"Methionine","Methionine","Metabolites (mQTL-MR) - Sulfur AA",7795,"KORA F4, TwinsUK","EUR","both","ieugwasr","met-a-327","https://www.nature.com/articles/ng.2982","No UKB; Shin 2014","log10 units","BH","yes","educat, school, smok",,"d2u0pvwqtmwv"
"Lysine","Lysine","Metabolites (mQTL-MR) - Cationic AA",7812,"KORA F4, TwinsUK","EUR","both","ieugwasr","met-a-326","https://www.nature.com/articles/ng.2982","No UKB; Shin 2014","log10 units","BH","yes","educat, school, smok",,"w9dmj8hqerrs"
"Arginine","Arginine","Metabolites (mQTL-MR) - Cationic AA",7528,"KORA F4, TwinsUK","EUR","both","ieugwasr","met-a-347","https://www.nature.com/articles/ng.2982","No UKB; Shin 2014","log10 units","BH","yes","educat, school, smok",,"7f5n2tuc6qbm"
"Ornithine","Ornithine","Metabolites (mQTL-MR) - Cationic AA",7746,"KORA F4, TwinsUK","EUR","both","ieugwasr","met-a-336","https://www.nature.com/articles/ng.2982","No UKB; Shin 2014","log10 units","BH","yes","educat, school, smok",,"2gvjwa6vtd4f"
"Citrulline","Citrulline","Metabolites (mQTL-MR) - Cationic AA",7773,"KORA F4, TwinsUK","EUR","both","ieugwasr","met-a-356","https://www.nature.com/articles/ng.2982","No UKB; Shin 2014","log10 units","BH","yes","educat, school, smok",,"2u1sc12rzkck"
"Kynurenine","Kynurenine","Metabolites (mQTL-MR) - Tryptophan pathway",7816,"KORA F4, TwinsUK","EUR","both","ieugwasr","met-a-375","https://www.nature.com/articles/ng.2982","No UKB; Shin 2014","log10 units","BH","yes","educat, school, smok",,"qk9lhp1jcjyp"
"Indolepropionate","Indolepropionate","Metabolites (mQTL-MR) - Microbial-derived",7803,"KORA F4, TwinsUK","EUR","both","ieugwasr","met-a-475","https://www.nature.com/articles/ng.2982","No UKB; Shin 2014","log10 units","BH","yes","educat, school, smok",,"ciq1h8geacpr"
"3-indoxyl sulfate","3-indoxyl sulfate","Metabolites (mQTL-MR) - Microbial-derived",7787,"KORA F4, TwinsUK","EUR","both","ieugwasr","met-a-448","https://www.nature.com/articles/ng.2982","No UKB; Shin 2014","log10 units","BH","yes","educat, school, smok",,"z6k6xyeq5ynx"
"P-cresol sulfate","P-cresol sulfate","Metabolites (mQTL-MR) - Microbial-derived",7758,"KORA F4, TwinsUK","EUR","both","ieugwasr","met-a-718","https://www.nature.com/articles/ng.2982","No UKB; Shin 2014","log10 units","BH","yes","educat, school, smok",,"37pgudwb3zsl"
"Lactate","Lactate","Metabolites (mQTL-MR) - Glycolysis",24871,"Kettunen 2016 14 European cohorts","EUR","both","ieugwasr","met-c-894","https://www.nature.com/articles/ncomms11122","No UKB; Kettunen 2016","SD","BH","yes","educat, school, smok",,"yz3fmy0aioxy"
"Lactate","Lactate","Metabolites (mQTL-MR) - Glycolysis",7814,"KORA F4, TwinsUK","EUR","both","ieugwasr","met-a-310","https://www.nature.com/articles/ng.2982","No UKB; Shin 2014","log10 units","BH","yes","educat, school, smok",,"ockrp2z7t07e"
"Pyruvate","Pyruvate","Metabolites (mQTL-MR) - Glycolysis",24756,"Kettunen 2016 14 European cohorts","EUR","both","ieugwasr","met-c-920","https://www.nature.com/articles/ncomms11122","No UKB; Kettunen 2016","SD","BH","yes","educat, school, smok",,"dfxqeou7gxr6"
"Pyruvate","Pyruvate","Metabolites (mQTL-MR) - Glycolysis",7682,"KORA F4, TwinsUK","EUR","both","ieugwasr","met-a-315","https://www.nature.com/articles/ng.2982","No UKB; Shin 2014","log10 units","BH","yes","educat, school, smok",,"dfq7sajmpfmt"
"3-hydroxybutyrate","3-hydroxybutyrate","Metabolites (mQTL-MR) - Ketones",24154,"Kettunen 2016 14 European cohorts","EUR","both","ieugwasr","met-c-846","https://www.nature.com/articles/ncomms11122","No UKB; Kettunen 2016","SD","BH","yes","educat, school, smok",,"q82ajv04x3os"
"Acetoacetate","Acetoacetate","Metabolites (mQTL-MR) - Ketones",19262,"Kettunen 2016 14 European cohorts","EUR","both","ieugwasr","met-c-838","https://www.nature.com/articles/ncomms11122","No UKB; Kettunen 2016","SD","BH","yes","educat, school, smok",,"l5y0zixwnti5"
"Citrate","Citrate","Metabolites (mQTL-MR) - TCA",24770,"Kettunen 2016 14 European cohorts","EUR","both","ieugwasr","met-c-849","https://www.nature.com/articles/ncomms11122","No UKB; Kettunen 2016","SD","BH","yes","educat, school, smok",,"5rtsi44gg70w"
"Citrate","Citrate","Metabolites (mQTL-MR) - TCA",7813,"KORA F4, TwinsUK","EUR","both","ieugwasr","met-a-341","https://www.nature.com/articles/ng.2982","No UKB; Shin 2014","log10 units","BH","yes","educat, school, smok",,"0kpxdz5qd9dp"
"Malate","Malate","Metabolites (mQTL-MR) - TCA",7384,"KORA F4, TwinsUK","EUR","both","ieugwasr","met-a-328","https://www.nature.com/articles/ng.2982","No UKB; Shin 2014","log10 units","BH","yes","educat, school, smok",,"eo1u0sk141sg"
"Acetate","Acetate","Metabolites (mQTL-MR) - SCFA",24748,"Kettunen 2016 14 European cohorts","EUR","both","ieugwasr","met-c-839","https://www.nature.com/articles/ncomms11122","No UKB; Kettunen 2016","SD","BH","yes","educat, school, smok",,"gf64fuavjj9e"
"Creatinine","Creatinine","Metabolites (mQTL-MR) - Creatine pathway",24810,"Kettunen 2016 14 European cohorts","EUR","both","ieugwasr","met-c-850","https://www.nature.com/articles/ncomms11122","No UKB; Kettunen 2016","SD","BH","yes","educat, school, smok",,"qx6g0sekego5"
"Creatinine","Creatinine","Metabolites (mQTL-MR) - Creatine pathway",7810,"KORA F4, TwinsUK","EUR","both","ieugwasr","met-a-309","https://www.nature.com/articles/ng.2982","No UKB; Shin 2014","log10 units","BH","yes","educat, school, smok",,"nu3xrkaufo4v"
"Creatine","Creatine","Metabolites (mQTL-MR) - Creatine pathway",7822,"KORA F4, TwinsUK","EUR","both","ieugwasr","met-a-451","https://www.nature.com/articles/ng.2982","No UKB; Shin 2014","log10 units","BH","yes","educat, school, smok",,"5c1cc36wl61r"
"Carnitine","Carnitine","Metabolites (mQTL-MR) - Acylcarnitines",7797,"KORA F4, TwinsUK","EUR","both","ieugwasr","met-a-379","https://www.nature.com/articles/ng.2982","No UKB; Shin 2014","log10 units","BH","yes","educat, school, smok",,"x783m8odvxr1"
"Acetylcarnitine","Acetylcarnitine","Metabolites (mQTL-MR) - Acylcarnitines",7805,"KORA F4, TwinsUK","EUR","both","ieugwasr","met-a-463","https://www.nature.com/articles/ng.2982","No UKB; Shin 2014","log10 units","BH","yes","educat, school, smok",,"djeaaicpn5y3"
"Propionylcarnitine","Propionylcarnitine","Metabolites (mQTL-MR) - Acylcarnitines",7813,"KORA F4, TwinsUK","EUR","both","ieugwasr","met-a-479","https://www.nature.com/articles/ng.2982","No UKB; Shin 2014","log10 units","BH","yes","educat, school, smok",,"6oux04m179my"
"Palmitoylcarnitine","Palmitoylcarnitine","Metabolites (mQTL-MR) - Acylcarnitines",7701,"KORA F4, TwinsUK","EUR","both","ieugwasr","met-a-434","https://www.nature.com/articles/ng.2982","No UKB; Shin 2014","log10 units","BH","yes","educat, school, smok",,"2g1dd6sb34xz"
"Octanoylcarnitine","Octanoylcarnitine","Metabolites (mQTL-MR) - Acylcarnitines (medium-chain)",7790,"KORA F4, TwinsUK","EUR","both","ieugwasr","met-a-615","https://www.nature.com/articles/ng.2982","No UKB; Shin 2014","log10 units","BH","yes","educat, school, smok",,"9bvgj9vvxjdp"
"Decanoylcarnitine","Decanoylcarnitine","Metabolites (mQTL-MR) - Acylcarnitines (medium-chain)",7766,"KORA F4, TwinsUK","EUR","both","ieugwasr","met-a-618","https://www.nature.com/articles/ng.2982","No UKB; Shin 2014","log10 units","BH","yes","educat, school, smok",,"raev87tp52ak"
"Laurylcarnitine","Laurylcarnitine","Metabolites (mQTL-MR) - Acylcarnitines (long-chain)",5170,"KORA F4, TwinsUK","EUR","both","ieugwasr","met-a-668","https://www.nature.com/articles/ng.2982","No UKB; Shin 2014","log10 units","BH","yes","educat, school, smok",,"y42wqiydub1k"
"Stearoylcarnitine","Stearoylcarnitine","Metabolites (mQTL-MR) - Acylcarnitines (long-chain)",7183,"KORA F4, TwinsUK","EUR","both","ieugwasr","met-a-653","https://www.nature.com/articles/ng.2982","No UKB; Shin 2014","log10 units","BH","yes","educat, school, smok",,"9xy5ubgcn0zw"
"Oleoylcarnitine","Oleoylcarnitine","Metabolites (mQTL-MR) - Acylcarnitines (long-chain)",7708,"KORA F4, TwinsUK","EUR","both","ieugwasr","met-a-681","https://www.nature.com/articles/ng.2982","No UKB; Shin 2014","log10 units","BH","yes","educat, school, smok",,"ovw8aspbktc1"
"Cholate","Cholate","Metabolites (mQTL-MR) - Bile acids",5929,"KORA F4, TwinsUK","EUR","both","ieugwasr","met-a-438","https://www.nature.com/articles/ng.2982","No UKB; Shin 2014","log10 units","BH","yes","educat, school, smok",,"ck5c8h4ojlbn"
"Glycochenodeoxycholate","Glycochenodeoxycholate","Metabolites (mQTL-MR) - Bile acids",7087,"KORA F4, TwinsUK","EUR","both","ieugwasr","met-a-470","https://www.nature.com/articles/ng.2982","No UKB; Shin 2014","log10 units","BH","yes","educat, school, smok",,"zbvv7dy81xjk"
"Taurochenodeoxycholate","Taurochenodeoxycholate","Metabolites (mQTL-MR) - Bile acids",5716,"KORA F4, TwinsUK","EUR","both","ieugwasr","met-a-406","https://www.nature.com/articles/ng.2982","No UKB; Shin 2014","log10 units","BH","yes","educat, school, smok",,"3lk1pm96k3bi"
"Deoxycholate","Deoxycholate","Metabolites (mQTL-MR) - Bile acids",5194,"KORA F4, TwinsUK","EUR","both","ieugwasr","met-a-320","https://www.nature.com/articles/ng.2982","No UKB; Shin 2014","log10 units","BH","yes","educat, school, smok",,"6kmyso0zumoe"
"Ursodeoxycholate","Ursodeoxycholate","Metabolites (mQTL-MR) - Bile acids",5477,"KORA F4, TwinsUK","EUR","both","ieugwasr","met-a-346","https://www.nature.com/articles/ng.2982","No UKB; Shin 2014","log10 units","BH","yes","educat, school, smok",,"2r4ts8h6mfg0"
"Glycocholate","Glycocholate","Metabolites (mQTL-MR) - Bile acids",5995,"KORA F4, TwinsUK","EUR","both","ieugwasr","met-a-404","https://www.nature.com/articles/ng.2982","No UKB; Shin 2014","log10 units","BH","yes","educat, school, smok",,"kxt7ugf3ld3d"
"Taurocholate","Taurocholate","Metabolites (mQTL-MR) - Bile acids",4032,"KORA F4, TwinsUK","EUR","both","ieugwasr","met-a-407","https://www.nature.com/articles/ng.2982","No UKB; Shin 2014","log10 units","BH","yes","educat, school, smok",,"63ok31boa0cj"
"Taurolithocholate 3-sulfate","Taurolithocholate 3-sulfate","Metabolites (mQTL-MR) - Bile acids",6904,"KORA F4, TwinsUK","EUR","both","ieugwasr","met-a-740","https://www.nature.com/articles/ng.2982","No UKB; Shin 2014","log10 units","BH","yes","educat, school, smok",,"9umrd3zvdlm0"
"Taurodeoxycholate","Taurodeoxycholate","Metabolites (mQTL-MR) - Bile acids",1564,"KORA F4, TwinsUK","EUR","both","ieugwasr","met-a-369","https://www.nature.com/articles/ng.2982","No UKB; Shin 2014","log10 units","BH","yes","educat, school, smok",,"sohl1tq4olh2"
"Estrone 3-sulfate","Estrone 3-sulfate","Metabolites (mQTL-MR) - Steroid metabolites",957,"KORA F4, TwinsUK","EUR","both","ieugwasr","met-a-403","https://www.nature.com/articles/ng.2982","No UKB; Shin 2014","log10 units","BH","yes","educat, school, smok",,"qeh5sv2pk5lx"
"Dehydroisoandrosterone sulfate (DHEA-S)","Dehydroisoandrosterone sulfate (DHEA-S)","Metabolites (mQTL-MR) - Steroid metabolites",7793,"KORA F4, TwinsUK","EUR","both","ieugwasr","met-a-478","https://www.nature.com/articles/ng.2982","No UKB; Shin 2014","log10 units","BH","yes","educat, school, smok",,"nx0foo72z9zi"
"Choline","Choline","Metabolites (mQTL-MR) - Choline pathway",7750,"KORA F4, TwinsUK","EUR","both","ieugwasr","met-a-380","https://www.nature.com/articles/ng.2982","No UKB; Shin 2014","log10 units","BH","yes","educat, school, smok",,"2a4h6f3jxijy"
"Betaine","Betaine","Metabolites (mQTL-MR) - Choline pathway",7806,"KORA F4, TwinsUK","EUR","both","ieugwasr","met-a-362","https://www.nature.com/articles/ng.2982","No UKB; Shin 2014","log10 units","BH","yes","educat, school, smok",,"j7p850ndxho2"
"Urate","Urate","Metabolites (mQTL-MR) - Urate",7819,"KORA F4, TwinsUK","EUR","both","ieugwasr","met-a-345","https://www.nature.com/articles/ng.2982","No UKB; Shin 2014","log10 units","BH","yes","educat, school, smok",,"i616esksth2c"
"Gout","Gout","Metabolites (mQTL-MR) - Urate",69374,"GUGC consortium 48 cohorts","EUR","both","ieugwasr","ieu-a-1054","https://www.nature.com/articles/ng.2500","No UKB; Köttgen 2013 GUGC pre-UKB (gout case-control proxy for urate)","log odds","BH","yes","educat, school, smok",,"gstjqgfqqeby"
"4-hydroxyhippurate","4-hydroxyhippurate","Metabolites (mQTL-MR) - Microbial-derived",4368,"KORA F4, TwinsUK","EUR","both","ieugwasr","met-a-703","https://www.nature.com/articles/ng.2982","No UKB; Shin 2014","log10 units","BH","yes","educat, school, smok",,"b2vrlaqb9w61"
"Glycerol 3-phosphate (G3P)","Glycerol 3-phosphate (G3P)","Metabolites (mQTL-MR) - Phospholipid metabolites",7781,"KORA F4, TwinsUK","EUR","both","ieugwasr","met-a-377","https://www.nature.com/articles/ng.2982","No UKB; Shin 2014","log10 units","BH","yes","educat, school, smok",,"5imwd2q4ibra"
